{
	"configurations" : 
	[
		{
			"directories" : 
			[
				{
					"build" : ".",
					"jsonFile" : "directory-.-Debug-d0094a50bb2071803777.json",
					"minimumCMakeVersion" : 
					{
						"string" : "3.29"
					},
					"projectIndex" : 0,
					"source" : ".",
					"targetIndexes" : 
					[
						0
					]
				}
			],
			"name" : "Debug",
			"projects" : 
			[
				{
					"directoryIndexes" : 
					[
						0
					],
					"name" : "Hortfruit",
					"targetIndexes" : 
					[
						0
					]
				}
			],
			"targets" : 
			[
				{
					"directoryIndex" : 0,
					"id" : "Hortfruit::@6890427a1f51a3e7e1df",
					"jsonFile" : "target-Hortfruit-Debug-169cae2da3a788db0dfe.json",
					"name" : "Hortfruit",
					"projectIndex" : 0
				}
			]
		}
	],
	"kind" : "codemodel",
	"paths" : 
	{
		"build" : "D:/System/Documents/Hortfruit/cmake-build-debug",
		"source" : "D:/System/Documents/Hortfruit"
	},
	"version" : 
	{
		"major" : 2,
		"minor" : 7
	}
}
