<?xml version="1.0" encoding="UTF-8"?>
<project version="4">
  <component name="BackendCodeEditorMiscSettings">
    <option name="/Default/RiderDebugger/RiderRestoreDecompile/RestoreDecompileSetting/@EntryValue" value="false" type="bool" />
    <option name="/Default/Housekeeping/GlobalSettingsUpgraded/IsUpgraded/@EntryValue" value="true" type="bool" />
    <option name="/Default/Housekeeping/FeatureSuggestion/FeatureSuggestionManager/DisabledSuggesters/=SwitchToGoToActionSuggester/@EntryIndexedValue" value="true" type="bool" />
    <option name="/Default/Environment/StickyLines/Enabled/@EntryValue" value="false" type="bool" />
    <option name="/Default/Housekeeping/FeatureSuggestion/FeatureSuggestionManager/DisabledSuggesters/=SwitchToGoToActionSuggester/@EntryIndexRemoved" />
  </component>
  <component name="CMakePythonSetting">
    <option name="pythonIntegrationState" value="YES" />
  </component>
  <component name="CMakeWorkspace" PROJECT_DIR="$PROJECT_DIR$" />
</project>